factory_id,units_inspected,defective_units,inspections_count,pass_count,defect_rate,first_pass_yield
F01,224994,6600,12857,7922,0.02933411557641537,0.6161624018044645
F02,193121,5892,11067,6756,0.030509369773354528,0.6104635402548116
F03,161621,4723,9220,5738,0.029222687645788604,0.6223427331887201
