factory_id,total_units_produced,good_units,scrap_units,planned_production_time_minutes,run_time_minutes,downtime_minutes,availability,performance,quality,oee,scrap_rate,throughput_units_per_hour
F01,2876591,2769598,106993,3072480.0,2905629.9999999995,166721.1,0.9456953340623859,0.8906271233203588,0.9628056265211148,0.812809800768977,0.03719437347888525,59.400357237501
F02,3110453,3040203,70250,2629440.0,2489208.8,140124.40000000002,0.946668796397712,0.8832493019468676,0.9774148652945407,0.8153384675063893,0.022585134705459302,74.97449792078511
F03,2384005,2289435,94570,2189760.0,2072245.1,117457.80000000002,0.946334347143066,0.8996447580774429,0.9603314590363695,0.8169424122582687,0.03966854096363053,69.02672854673416
