shift_id,total_units_produced,good_units,scrap_units,planned_production_time_minutes,run_time_minutes,downtime_minutes,availability,performance,quality,oee,scrap_rate,throughput_units_per_hour
S1,2789171,2699069,90102,2623200.0,2482912.8,140180.9,0.9465205855443732,0.8914216130881977,0.9676957777059922,0.8158642891633627,0.03230422229400779,67.40078024488012
S2,2794901,2704112,90789,2638080.0,2495603.9000000004,142223.0,0.9459925021227561,0.8906150411128945,0.9675162018261112,0.8145153855581836,0.03248379817388881,67.19578375398434
S3,2786977,2696055,90922,2630400.0,2488567.2,141899.4,0.9460793795620439,0.8899758711224139,0.9673761211520583,0.8140211761202353,0.03262387884794169,67.19473759840602
